"","RT","Rsp","Sbj"
"1",-1.1540002677969,1,"s1"
"2",-0.160724332789106,1,"s1"
"3",-1.34110779620405,1,"s1"
"4",0.114474136472318,1,"s1"
"5",-0.0410953335876119,1,"s1"
"6",0.482917565312528,1,"s1"
"7",0.363139497965539,1,"s1"
"8",1.37231649156296,0,"s1"
"9",-1.28768218721219,1,"s1"
"10",0.401926514325993,0,"s1"
"11",-0.307479156567793,1,"s1"
"12",-0.995335062044327,1,"s1"
"13",-0.500583213600761,1,"s1"
"14",1.07093051527419,1,"s1"
"15",0.660979022460201,1,"s1"
"16",-0.0201942849040906,1,"s1"
"17",-0.454644476000664,1,"s1"
"18",0.038027654460454,1,"s1"
"19",1.66463339428482,0,"s1"
"20",0.0203471261103227,1,"s1"
"21",0.421255586829361,1,"s1"
"22",1.15057394364056,0,"s1"
"23",0.614765548931174,1,"s1"
"24",-2.59267102069378,1,"s1"
"25",1.15513242695286,0,"s1"
"26",-2.49426827514406,1,"s1"
"27",0.766130473470178,0,"s1"
"28",-0.21967273588337,1,"s1"
"29",-0.147410466528177,1,"s1"
"30",0.584583767263678,1,"s1"
"31",0.108008685852876,1,"s1"
"32",0.0155070540652498,1,"s1"
"33",1.28785198661102,0,"s1"
"34",-0.0950979509570713,1,"s1"
"35",0.742487941369027,1,"s1"
"36",0.21499044560712,1,"s1"
"37",0.904873724970147,0,"s1"
"38",-1.47717829870847,1,"s1"
"39",1.16346969470534,0,"s1"
"40",-1.2490026151558,1,"s1"
"41",-0.217382298339432,1,"s1"
"42",-1.57361488153882,1,"s1"
"43",0.222937090579718,1,"s1"
"44",1.34032849267004,0,"s1"
"45",0.926096971204788,0,"s1"
"46",2.11038768386963,0,"s1"
"47",-3.25062418788763,1,"s1"
"48",-0.998648392169149,1,"s1"
"49",0.891792523321809,0,"s1"
"50",0.343141793952337,0,"s1"
"51",0.228232464212491,1,"s1"
"52",1.33789035039106,1,"s1"
"53",0.231906363769007,1,"s1"
"54",-0.6813892254456,1,"s1"
"55",-1.14823242041202,1,"s1"
"56",0.582375878757218,0,"s1"
"57",-1.09490810532938,1,"s1"
"58",1.06040865139087,0,"s1"
"59",0.0614631278029534,1,"s1"
"60",-0.211874089045121,1,"s1"
"61",-1.42321448023408,1,"s1"
"62",-0.465401886202256,1,"s1"
"63",-0.120166625241233,1,"s1"
"64",-0.228511267150785,1,"s1"
"65",0.51465703988964,1,"s1"
"66",0.635547389173406,1,"s1"
"67",-1.22933306233163,1,"s1"
"68",0.528741580426607,1,"s1"
"69",0.672845610142382,0,"s1"
"70",0.170923745268302,1,"s1"
"71",-0.881566441434535,1,"s1"
"72",0.0370396860209865,1,"s1"
"73",0.860765930236052,1,"s1"
"74",-0.135510947611401,1,"s1"
"75",-1.61192118037586,1,"s1"
"76",1.003101713946,1,"s1"
"77",0.588370972067351,1,"s1"
"78",-0.434395106662053,1,"s1"
"79",0.306176579317038,1,"s1"
"80",0.385189402315134,1,"s1"
"81",0.713193214385971,1,"s1"
"82",1.21264415766378,1,"s1"
"83",-0.199489587286315,1,"s1"
"84",-0.183584960328798,0,"s1"
"85",1.51054459063329,0,"s1"
"86",-1.36552283651814,1,"s1"
"87",0.115111413454643,1,"s1"
"88",0.96595190160615,0,"s1"
"89",-1.35016323359496,1,"s1"
"90",1.18203552343837,0,"s1"
"91",0.846063890343832,1,"s1"
"92",0.375260939662426,1,"s1"
"93",0.559539534364895,1,"s1"
"94",-0.322185212665488,1,"s1"
"95",1.24178198369141,0,"s1"
"96",0.563290295347355,0,"s1"
"97",1.38928951086323,0,"s1"
"98",0.865576686133031,0,"s1"
"99",0.670743562000686,1,"s1"
"100",-0.644843358383713,1,"s1"
"101",0.780191221630608,0,"s2"
"102",-0.389975166468844,1,"s2"
"103",0.0643598898813482,0,"s2"
"104",0.0118690061898355,1,"s2"
"105",1.7864994869061,0,"s2"
"106",-0.129147796624075,1,"s2"
"107",0.944541726585495,0,"s2"
"108",1.17008445892168,0,"s2"
"109",-1.96377140353887,1,"s2"
"110",0.520193603175669,0,"s2"
"111",-0.955238478521256,1,"s2"
"112",0.0349770543432552,0,"s2"
"113",-0.0559065648694446,0,"s2"
"114",0.182223869901275,1,"s2"
"115",-1.26690364636482,1,"s2"
"116",0.120594054639534,0,"s2"
"117",-1.3696701906149,1,"s2"
"118",0.787009576928321,0,"s2"
"119",-1.43117076985501,1,"s2"
"120",0.769944828765671,0,"s2"
"121",-0.0781953566740931,0,"s2"
"122",-0.989277191480946,1,"s2"
"123",-1.39881816211844,1,"s2"
"124",0.891310279314983,0,"s2"
"125",0.404998006742343,1,"s2"
"126",-0.635100245231602,1,"s2"
"127",-2.72941348988243,1,"s2"
"128",1.33008141656422,0,"s2"
"129",0.0791092666980176,0,"s2"
"130",-0.46334756948031,1,"s2"
"131",0.0346007858148887,1,"s2"
"132",-1.28099347494232,1,"s2"
"133",-1.16920606097849,1,"s2"
"134",-0.523138894126828,1,"s2"
"135",-0.123371646265829,0,"s2"
"136",-0.518289017744205,1,"s2"
"137",2.1193064409518,0,"s2"
"138",-0.177390265954403,1,"s2"
"139",-0.17318127656874,1,"s2"
"140",-0.20660812124595,1,"s2"
"141",1.53141340875792,0,"s2"
"142",1.11115714796812,0,"s2"
"143",-0.345169133361977,1,"s2"
"144",0.591141087333319,0,"s2"
"145",-0.599850629999132,1,"s2"
"146",-0.193920033430268,1,"s2"
"147",0.688667388670929,1,"s2"
"148",-0.79013123464127,0,"s2"
"149",0.462872141810316,1,"s2"
"150",-0.633786348025681,1,"s2"
"151",-0.350963865851333,1,"s2"
"152",-0.0227570058676967,1,"s2"
"153",-0.147719019440738,1,"s2"
"154",1.75554824564202,0,"s2"
"155",0.370893599433665,1,"s2"
"156",0.342775332462579,1,"s2"
"157",0.776863943117135,1,"s2"
"158",-1.71888455933893,1,"s2"
"159",0.76083100834849,1,"s2"
"160",-0.434797292779873,1,"s2"
"161",0.318408001250406,0,"s2"
"162",-1.91460515442595,1,"s2"
"163",1.96506012504643,0,"s2"
"164",-1.55361085391377,1,"s2"
"165",-1.44633586695315,1,"s2"
"166",-0.668717487738423,1,"s2"
"167",1.30974565335177,0,"s2"
"168",0.0662354106280813,1,"s2"
"169",-1.77476427835447,1,"s2"
"170",-0.0405056232091666,0,"s2"
"171",0.277876862558125,1,"s2"
"172",-0.205747039875001,1,"s2"
"173",1.1739043902,0,"s2"
"174",-0.984244538233208,1,"s2"
"175",0.372460753553984,0,"s2"
"176",-1.89821948673854,1,"s2"
"177",0.736608833175354,0,"s2"
"178",0.0375429068464493,1,"s2"
"179",0.193270849852604,1,"s2"
"180",-2.06099335100728,1,"s2"
"181",-0.568327896465344,1,"s2"
"182",-1.79985452748555,1,"s2"
"183",0.101515788853317,0,"s2"
"184",-2.17252191948593,1,"s2"
"185",-0.0190525680487811,1,"s2"
"186",0.204189012787928,0,"s2"
"187",-0.602518560438583,1,"s2"
"188",1.09433747418612,1,"s2"
"189",-1.22310317248382,1,"s2"
"190",-1.56368122667049,1,"s2"
"191",-0.797545390131872,1,"s2"
"192",-2.23334771511514,1,"s2"
"193",-0.858563344765928,1,"s2"
"194",0.246616061911753,0,"s2"
"195",-1.02731844488768,1,"s2"
"196",-0.954853365913977,1,"s2"
"197",-0.380070923179494,1,"s2"
"198",2.19856795824373,0,"s2"
"199",0.858755782482915,1,"s2"
"200",0.538591909452699,0,"s2"
"201",0.561815310302425,0,"s3"
"202",-0.965068939821192,1,"s3"
"203",1.76561910158054,0,"s3"
"204",0.870807727533273,0,"s3"
"205",0.0189416909735903,1,"s3"
"206",0.136371842049705,1,"s3"
"207",0.929230320291835,0,"s3"
"208",0.468111306040978,0,"s3"
"209",-0.179611668585118,1,"s3"
"210",0.117543053108512,1,"s3"
"211",1.43021314800171,0,"s3"
"212",-0.325937156517908,1,"s3"
"213",-0.259990642401149,1,"s3"
"214",-0.507239155296709,1,"s3"
"215",1.98274534734172,0,"s3"
"216",0.645657746100882,0,"s3"
"217",-1.99500176572329,1,"s3"
"218",-0.306151026904798,1,"s3"
"219",1.41889349922697,0,"s3"
"220",-1.21708943285336,1,"s3"
"221",-0.588016810785781,1,"s3"
"222",-0.823124285125122,1,"s3"
"223",-0.722393779951186,1,"s3"
"224",1.51188731181092,0,"s3"
"225",0.924760648947267,0,"s3"
"226",1.35196582736066,0,"s3"
"227",-0.575792370407747,1,"s3"
"228",1.60421604095681,0,"s3"
"229",-0.598030190846353,1,"s3"
"230",-1.27835061665305,1,"s3"
"231",0.341730751294353,1,"s3"
"232",-0.88060502182487,1,"s3"
"233",-2.57606296029736,1,"s3"
"234",-1.89139790466757,1,"s3"
"235",-2.48879873168751,1,"s3"
"236",-0.0905370299266472,1,"s3"
"237",-0.505209135597714,1,"s3"
"238",-1.04610613655534,1,"s3"
"239",-0.504240315305847,1,"s3"
"240",-0.184508829051024,1,"s3"
"241",-0.84717382059484,1,"s3"
"242",-0.424539434381373,1,"s3"
"243",-0.714668527030187,1,"s3"
"244",-0.355728970468783,1,"s3"
"245",0.666701455082775,0,"s3"
"246",-1.09966534708335,1,"s3"
"247",0.849068264652656,1,"s3"
"248",0.434873347511182,0,"s3"
"249",-0.178777902012326,1,"s3"
"250",1.00894893929156,0,"s3"
"251",-0.446464378833527,1,"s3"
"252",1.71039505769051,0,"s3"
"253",-1.23312074695098,1,"s3"
"254",2.06423806602409,0,"s3"
"255",-2.66890424987687,1,"s3"
"256",-0.333645600250949,1,"s3"
"257",-1.59112724117744,1,"s3"
"258",-1.93014181732915,1,"s3"
"259",-0.101437776574031,0,"s3"
"260",-1.86406702903145,1,"s3"
"261",0.539362587836439,1,"s3"
"262",0.0578397660325869,1,"s3"
"263",-0.626635665703533,1,"s3"
"264",1.5519274769018,0,"s3"
"265",-0.694095191998635,1,"s3"
"266",-0.569647360536546,1,"s3"
"267",2.51334363177129,0,"s3"
"268",-0.651298347058874,1,"s3"
"269",1.1278416454982,0,"s3"
"270",0.0422517690782733,1,"s3"
"271",-0.138386283164017,1,"s3"
"272",0.317469071379549,1,"s3"
"273",-0.406275652665873,1,"s3"
"274",-0.329309361589865,1,"s3"
"275",0.467662134245707,1,"s3"
"276",-1.97249790510238,1,"s3"
"277",0.918717873333276,0,"s3"
"278",-0.910382079805763,1,"s3"
"279",-0.451935234102805,1,"s3"
"280",0.410380409071925,1,"s3"
"281",1.78963001779381,0,"s3"
"282",-1.48929733540327,1,"s3"
"283",-0.843579074980443,1,"s3"
"284",0.270914316380336,1,"s3"
"285",0.322047004101619,1,"s3"
"286",-2.31598019848298,1,"s3"
"287",-1.13517319851613,1,"s3"
"288",0.583807819841372,0,"s3"
"289",-0.586515622913189,1,"s3"
"290",0.388314739492945,1,"s3"
"291",-0.981883017987956,1,"s3"
"292",1.55025784620931,0,"s3"
"293",1.73922199878618,0,"s3"
"294",-1.57446889455536,1,"s3"
"295",-0.076573204609874,1,"s3"
"296",0.121303813805512,1,"s3"
"297",-0.536460495959831,1,"s3"
"298",1.22023302135412,0,"s3"
"299",-0.492761332088529,1,"s3"
"300",1.71944754636897,0,"s3"
"301",1.74463576858517,0,"s4"
"302",0.712520805217328,1,"s4"
"303",0.118244113943754,1,"s4"
"304",0.864415876642265,1,"s4"
"305",0.496027641671564,1,"s4"
"306",-1.45844223901136,0,"s4"
"307",-1.09317469534047,1,"s4"
"308",-1.60142632388799,1,"s4"
"309",-0.337104088723521,0,"s4"
"310",-0.967315696930722,1,"s4"
"311",-0.776267403680791,1,"s4"
"312",2.04597225886451,1,"s4"
"313",0.402747262780485,1,"s4"
"314",0.836727702957075,0,"s4"
"315",-1.60951277815786,1,"s4"
"316",0.373151007877052,1,"s4"
"317",-0.567400977499774,1,"s4"
"318",-0.832537470953186,0,"s4"
"319",-3.01179842412984,0,"s4"
"320",1.38739981251079,0,"s4"
"321",-0.0592179500182456,1,"s4"
"322",-1.14087566176203,1,"s4"
"323",1.31428925504111,1,"s4"
"324",-1.18881033256362,1,"s4"
"325",1.57982136173691,1,"s4"
"326",0.619477692934676,1,"s4"
"327",-9.84457596508646e-05,1,"s4"
"328",-0.627161327665625,1,"s4"
"329",1.46316915176979,0,"s4"
"330",1.24298849298661,0,"s4"
"331",1.1028195858999,0,"s4"
"332",-1.0924290807937,1,"s4"
"333",0.126094092075097,1,"s4"
"334",-0.998598763895075,0,"s4"
"335",0.690076396027145,1,"s4"
"336",0.354291031517308,1,"s4"
"337",0.747763709938577,1,"s4"
"338",0.100023707316375,1,"s4"
"339",-0.114137240332709,1,"s4"
"340",-0.432801697554936,1,"s4"
"341",-0.954674878070264,1,"s4"
"342",0.150262900915988,0,"s4"
"343",-0.277573174485523,1,"s4"
"344",0.352807794494526,1,"s4"
"345",1.0090774588817,0,"s4"
"346",0.772469261984492,1,"s4"
"347",-0.05698557677488,1,"s4"
"348",-0.448127577729561,1,"s4"
"349",1.0259610264769,0,"s4"
"350",0.235299456744637,1,"s4"
"351",2.03258044825432,1,"s4"
"352",-0.947901302986085,1,"s4"
"353",0.509964026313823,0,"s4"
"354",1.03827665627106,1,"s4"
"355",1.14841108591696,1,"s4"
"356",-0.606053555922174,1,"s4"
"357",-0.601606197582717,0,"s4"
"358",0.154778157086658,1,"s4"
"359",1.64446502496771,0,"s4"
"360",-1.2106008022282,1,"s4"
"361",0.132758395921527,1,"s4"
"362",-0.528545382893332,1,"s4"
"363",-0.0700234757961499,1,"s4"
"364",1.45725082664373,1,"s4"
"365",-0.320619113394715,1,"s4"
"366",0.985479420938147,0,"s4"
"367",-0.434646099010944,0,"s4"
"368",-1.03910443183442,1,"s4"
"369",-1.21531707945827,0,"s4"
"370",0.153796214174125,1,"s4"
"371",1.43747883117818,0,"s4"
"372",-0.730472578228552,1,"s4"
"373",-1.54121973075678,0,"s4"
"374",-0.224053194901063,0,"s4"
"375",1.3620204060623,0,"s4"
"376",-1.2288364249159,1,"s4"
"377",-0.617633124112348,1,"s4"
"378",-0.575464842549018,1,"s4"
"379",0.815189619462617,1,"s4"
"380",1.8533295256139,1,"s4"
"381",-0.0407003741930328,1,"s4"
"382",1.45334388079656,1,"s4"
"383",-1.94043229432703,1,"s4"
"384",0.894286024585361,0,"s4"
"385",0.447330944130928,1,"s4"
"386",-0.220382118964841,1,"s4"
"387",0.58356731407633,1,"s4"
"388",0.0805772437624059,0,"s4"
"389",1.13506792255895,1,"s4"
"390",-0.133723316157551,0,"s4"
"391",0.0797188750745025,1,"s4"
"392",-1.53022420326059,0,"s4"
"393",1.38286249041401,1,"s4"
"394",0.544832541163934,1,"s4"
"395",0.304598624958732,1,"s4"
"396",-0.168016694091649,1,"s4"
"397",0.547735510003507,1,"s4"
"398",0.295475548358809,1,"s4"
"399",0.144541901118914,1,"s4"
"400",2.0010318600976,1,"s4"
"401",0.706449318515657,0,"s5"
"402",0.669415871572676,1,"s5"
"403",-0.201129701536312,1,"s5"
"404",0.0793779245409474,1,"s5"
"405",-0.218337029443981,1,"s5"
"406",-0.0422765178125239,1,"s5"
"407",1.65893785100081,0,"s5"
"408",0.769549887809669,0,"s5"
"409",0.654996887858613,1,"s5"
"410",0.318653554991564,1,"s5"
"411",0.505039017398674,1,"s5"
"412",0.270358197240467,1,"s5"
"413",-0.644281466844734,1,"s5"
"414",0.413659244544647,1,"s5"
"415",1.27610751048598,1,"s5"
"416",1.18783214291647,1,"s5"
"417",0.58444276919888,1,"s5"
"418",0.408035798968273,1,"s5"
"419",-0.0198571873761344,1,"s5"
"420",0.354788834974243,1,"s5"
"421",0.270634339140967,0,"s5"
"422",-1.92913801828448,1,"s5"
"423",-1.0865591973443,1,"s5"
"424",-0.264839627607309,0,"s5"
"425",1.11086639730812,0,"s5"
"426",0.213554162788135,1,"s5"
"427",1.90480802699544,1,"s5"
"428",-0.296644090755663,1,"s5"
"429",2.3715981858558,1,"s5"
"430",-0.299251271864398,1,"s5"
"431",0.456752012039384,1,"s5"
"432",1.6882356825317,1,"s5"
"433",-0.903994475377235,1,"s5"
"434",0.0841773161985482,1,"s5"
"435",0.835428587591223,1,"s5"
"436",-0.545716889378486,1,"s5"
"437",0.246697518220803,1,"s5"
"438",0.538714358270865,1,"s5"
"439",-0.990818003863647,1,"s5"
"440",-1.16256083433555,1,"s5"
"441",-1.23284867307415,1,"s5"
"442",-0.611240602908025,1,"s5"
"443",-0.439507655999317,0,"s5"
"444",-0.537681547330499,1,"s5"
"445",1.4480705389698,1,"s5"
"446",-0.0138786707101706,1,"s5"
"447",-1.72913044735188,1,"s5"
"448",-0.160537418541814,1,"s5"
"449",-0.352040558211001,1,"s5"
"450",0.271502930772617,1,"s5"
"451",0.997893901463721,0,"s5"
"452",-1.25511525553697,1,"s5"
"453",0.160157316318671,1,"s5"
"454",0.0551716169953488,1,"s5"
"455",0.699473062990152,1,"s5"
"456",0.219094741874126,1,"s5"
"457",-0.00570150797170891,1,"s5"
"458",0.143316301125547,1,"s5"
"459",0.0128282724868149,1,"s5"
"460",-0.318021439353271,1,"s5"
"461",-1.1590258418593,1,"s5"
"462",1.30780224642728,0,"s5"
"463",-0.982520509340279,1,"s5"
"464",-0.383346748753375,1,"s5"
"465",0.983499200481832,1,"s5"
"466",0.18891570055898,1,"s5"
"467",-0.834825160784226,1,"s5"
"468",0.240983244709363,1,"s5"
"469",0.187895732081509,1,"s5"
"470",1.82560561366597,0,"s5"
"471",0.119607855068418,1,"s5"
"472",1.94021959674021,0,"s5"
"473",-0.586451155962402,1,"s5"
"474",1.7445672753913,1,"s5"
"475",-0.602995371822933,1,"s5"
"476",1.52517992473529,1,"s5"
"477",-1.57589700762477,1,"s5"
"478",0.338478574590922,1,"s5"
"479",0.320062063329852,1,"s5"
"480",-0.942662141980251,1,"s5"
"481",-0.312229251850445,1,"s5"
"482",-0.869384263556048,1,"s5"
"483",0.545711676356239,1,"s5"
"484",-2.02686881905495,1,"s5"
"485",-0.991641121876365,1,"s5"
"486",1.15602988738765,1,"s5"
"487",-0.659605761521567,1,"s5"
"488",-0.19565269419801,1,"s5"
"489",-0.503826392924037,1,"s5"
"490",1.54517234509719,0,"s5"
"491",-0.560263955189002,1,"s5"
"492",1.15804789391888,1,"s5"
"493",0.00238829506217689,1,"s5"
"494",0.231673483514388,1,"s5"
"495",0.899347060015256,1,"s5"
"496",0.463716651174458,0,"s5"
"497",-0.710152996768439,1,"s5"
"498",1.17971316207835,1,"s5"
"499",-2.43247462571748,1,"s5"
"500",0.441697592409738,1,"s5"
"501",0.892913353326674,1,"s6"
"502",0.712498615174401,1,"s6"
"503",0.263840015115543,1,"s6"
"504",0.719311471479486,1,"s6"
"505",-1.62473685898201,1,"s6"
"506",-1.61400524369713,1,"s6"
"507",-1.52206749140296,0,"s6"
"508",-1.4224199742924,1,"s6"
"509",-1.6454163196823,1,"s6"
"510",-0.893861736060704,0,"s6"
"511",-1.73375890001656,1,"s6"
"512",-0.25074921014242,1,"s6"
"513",0.320713817039515,1,"s6"
"514",-0.381188489555214,1,"s6"
"515",-0.0910941717461207,1,"s6"
"516",-0.180433781264951,1,"s6"
"517",1.83767988165909,1,"s6"
"518",-1.83525836921799,1,"s6"
"519",-0.772805605276821,1,"s6"
"520",0.542949550506774,1,"s6"
"521",-0.552623470958367,1,"s6"
"522",-0.102708702575293,1,"s6"
"523",-0.37709432240765,0,"s6"
"524",1.85495887595375,0,"s6"
"525",-0.984840454759423,0,"s6"
"526",-0.635877006758472,1,"s6"
"527",-1.03780563001749,0,"s6"
"528",2.51983853168307,0,"s6"
"529",0.396920598056708,0,"s6"
"530",1.21211400684056,0,"s6"
"531",-2.19420739676351,0,"s6"
"532",-0.501877883549684,1,"s6"
"533",-0.49800362802872,1,"s6"
"534",0.474875199172437,0,"s6"
"535",-0.0358868300549415,0,"s6"
"536",-1.56593132760159,1,"s6"
"537",-1.53425495823249,1,"s6"
"538",2.22798305403709,0,"s6"
"539",0.997742153796512,0,"s6"
"540",-0.673141274358325,1,"s6"
"541",-0.357084766978599,0,"s6"
"542",0.176296844416109,0,"s6"
"543",0.222348742278867,0,"s6"
"544",0.914229157839781,1,"s6"
"545",-0.755081265876653,0,"s6"
"546",-1.21214027194313,1,"s6"
"547",1.84638144570038,1,"s6"
"548",-0.647391043249491,1,"s6"
"549",0.5589641341892,1,"s6"
"550",-0.172662714610659,0,"s6"
"551",0.240499557005226,1,"s6"
"552",1.3694963999593,1,"s6"
"553",-0.520348176478811,1,"s6"
"554",1.31159708657477,1,"s6"
"555",-0.169704189305939,1,"s6"
"556",1.72616863194739,0,"s6"
"557",-2.01274024541801,1,"s6"
"558",0.321915031251867,1,"s6"
"559",1.43531210632459,1,"s6"
"560",0.201021583271006,1,"s6"
"561",1.91576978926703,0,"s6"
"562",0.32016769162043,0,"s6"
"563",0.116305900317064,1,"s6"
"564",-0.806744758680656,1,"s6"
"565",1.18736732648787,1,"s6"
"566",-0.283457269693374,1,"s6"
"567",0.981520576572548,1,"s6"
"568",1.21719350745364,0,"s6"
"569",-1.53618469472402,1,"s6"
"570",1.04431858348268,1,"s6"
"571",-0.942526958942326,1,"s6"
"572",0.977376873046963,1,"s6"
"573",-0.0432012735164675,1,"s6"
"574",-0.8285972010789,1,"s6"
"575",-0.0108785482694982,0,"s6"
"576",0.709934666168435,1,"s6"
"577",0.947245377275777,1,"s6"
"578",-0.761339281372989,1,"s6"
"579",-0.792797793801857,1,"s6"
"580",2.08790122877386,1,"s6"
"581",-1.069447708008,1,"s6"
"582",0.886932903515032,0,"s6"
"583",0.885937627132379,0,"s6"
"584",-0.496601808828486,0,"s6"
"585",0.464280505386487,1,"s6"
"586",0.306014411813688,1,"s6"
"587",-2.15023748095152,1,"s6"
"588",-0.2302673111375,1,"s6"
"589",0.215390601932505,1,"s6"
"590",-0.418271997173539,1,"s6"
"591",0.113579271282747,1,"s6"
"592",0.377743424861975,0,"s6"
"593",-0.119495743886851,1,"s6"
"594",-0.3227478462149,1,"s6"
"595",-0.179603916481812,1,"s6"
"596",1.12981403859473,0,"s6"
"597",1.81666507832927,0,"s6"
"598",1.79678040545306,1,"s6"
"599",1.09939754538661,1,"s6"
"600",1.59117416184239,1,"s6"
"601",-1.3043930321295,1,"s7"
"602",0.872323221111792,1,"s7"
"603",0.405155615132871,0,"s7"
"604",1.05138317393047,0,"s7"
"605",-0.418562727404302,1,"s7"
"606",-1.76563840590457,0,"s7"
"607",0.80657958618449,1,"s7"
"608",1.15667362540919,1,"s7"
"609",-0.0107219375647254,1,"s7"
"610",-0.447886401565279,1,"s7"
"611",0.27417210036201,1,"s7"
"612",0.44162648907522,1,"s7"
"613",-0.0153101852409686,1,"s7"
"614",-0.0677464832864013,1,"s7"
"615",0.802107081647872,0,"s7"
"616",0.321233929726398,1,"s7"
"617",-0.0803627183139246,1,"s7"
"618",-0.293986228494828,1,"s7"
"619",0.556522493834661,1,"s7"
"620",-0.644181324541045,0,"s7"
"621",0.0713240812591152,1,"s7"
"622",0.875968482390923,1,"s7"
"623",-1.29029931730645,0,"s7"
"624",1.11589138167304,1,"s7"
"625",-1.37103373303876,0,"s7"
"626",0.408901928145064,0,"s7"
"627",0.0619305112622183,1,"s7"
"628",0.307571880514579,1,"s7"
"629",0.543259470454218,0,"s7"
"630",-0.0357782451326831,1,"s7"
"631",0.0954868664325557,0,"s7"
"632",0.405724604735177,1,"s7"
"633",-0.413851530119857,1,"s7"
"634",0.794952851005292,0,"s7"
"635",-0.839402748006944,1,"s7"
"636",-0.317340410941743,1,"s7"
"637",0.503560006221628,1,"s7"
"638",-0.100555257416791,1,"s7"
"639",0.507884046810922,1,"s7"
"640",0.570690064362553,1,"s7"
"641",0.228438842734118,1,"s7"
"642",-0.608629621549899,0,"s7"
"643",0.732696002052835,1,"s7"
"644",0.275646328696296,1,"s7"
"645",0.817440448272625,1,"s7"
"646",-0.879614573923005,0,"s7"
"647",1.00580096372329,1,"s7"
"648",-0.023518860340784,0,"s7"
"649",-1.26948606006487,1,"s7"
"650",0.260477682084535,0,"s7"
"651",-0.859280453755504,1,"s7"
"652",-0.688480368706248,1,"s7"
"653",-2.38988232445186,0,"s7"
"654",0.772376813885078,1,"s7"
"655",-1.15865583060243,0,"s7"
"656",-0.952804046184018,0,"s7"
"657",1.46106828262186,1,"s7"
"658",1.44770856072039,1,"s7"
"659",0.211017577348604,1,"s7"
"660",-0.740322058337871,1,"s7"
"661",0.766833997280296,1,"s7"
"662",1.4593371022845,1,"s7"
"663",-0.281777433123806,1,"s7"
"664",-1.33556615942494,0,"s7"
"665",0.14680680401621,1,"s7"
"666",0.101424728760688,1,"s7"
"667",1.28363631388028,1,"s7"
"668",0.0143954678368935,1,"s7"
"669",0.0856792544894792,1,"s7"
"670",0.142991163801346,0,"s7"
"671",-0.436238383370918,0,"s7"
"672",-0.0076296522746296,1,"s7"
"673",-1.66556693716775,0,"s7"
"674",-0.674301461968965,0,"s7"
"675",0.11609165794968,1,"s7"
"676",-0.308710509212256,0,"s7"
"677",0.188480140063049,1,"s7"
"678",1.12269206805329,1,"s7"
"679",-0.655691729447909,0,"s7"
"680",-0.983260128420581,0,"s7"
"681",-0.831324312650613,1,"s7"
"682",1.10227554146573,1,"s7"
"683",-0.136862819559231,0,"s7"
"684",0.344360265696565,1,"s7"
"685",-0.0657014268479839,1,"s7"
"686",-2.9925687275729,1,"s7"
"687",0.268605251614234,1,"s7"
"688",-1.1209767487179,0,"s7"
"689",0.426982665208714,0,"s7"
"690",0.663481798432708,1,"s7"
"691",-0.238698012447943,1,"s7"
"692",1.28690104434702,0,"s7"
"693",-1.72847986264681,1,"s7"
"694",0.461828435678973,0,"s7"
"695",0.206367706210595,1,"s7"
"696",0.488749497932975,1,"s7"
"697",1.69803552078279,1,"s7"
"698",-1.45442471411991,0,"s7"
"699",-0.254070574705558,1,"s7"
"700",0.442378863161743,1,"s7"
"701",-2.21040848131424,1,"s8"
"702",0.939995857307491,1,"s8"
"703",0.785836179387992,1,"s8"
"704",-0.0453627794489314,1,"s8"
"705",0.99608490048907,0,"s8"
"706",1.43569935429764,1,"s8"
"707",0.693051244906224,1,"s8"
"708",-0.557117013471799,1,"s8"
"709",-0.872907715825978,0,"s8"
"710",0.666148451061288,1,"s8"
"711",0.972597610629876,0,"s8"
"712",-0.556797389407165,1,"s8"
"713",1.90223487606265,0,"s8"
"714",-1.83262104937241,1,"s8"
"715",0.4193785318582,1,"s8"
"716",-0.531034000483301,1,"s8"
"717",-0.60614063117083,1,"s8"
"718",-2.03736743999633,1,"s8"
"719",-0.848761199904904,1,"s8"
"720",1.12052938881871,1,"s8"
"721",-0.171771900808901,0,"s8"
"722",0.761221976810921,1,"s8"
"723",-1.77112113663271,1,"s8"
"724",-0.062784253210886,1,"s8"
"725",0.868026377598878,1,"s8"
"726",0.169262581595997,0,"s8"
"727",1.19540337305468,1,"s8"
"728",-0.852108532031387,1,"s8"
"729",0.741353284354081,1,"s8"
"730",0.646539206877712,1,"s8"
"731",1.25108104916377,1,"s8"
"732",-1.70690968190126,1,"s8"
"733",0.998015394733403,1,"s8"
"734",1.158114796116,1,"s8"
"735",0.894211091303448,1,"s8"
"736",-1.0842051094051,1,"s8"
"737",-0.533754191830222,1,"s8"
"738",0.490710538748943,1,"s8"
"739",0.610471686238153,1,"s8"
"740",-0.419622356203856,1,"s8"
"741",1.32147065365296,1,"s8"
"742",-1.49506939430098,1,"s8"
"743",1.08945030868333,1,"s8"
"744",-0.557280262711669,1,"s8"
"745",-1.74785294386544,1,"s8"
"746",-0.517469337337648,1,"s8"
"747",0.666585282947249,1,"s8"
"748",-0.51144729591895,1,"s8"
"749",-1.97211816691963,0,"s8"
"750",-0.0609701210454761,1,"s8"
"751",0.321767127837882,1,"s8"
"752",1.14166732060085,1,"s8"
"753",-0.251485695608771,1,"s8"
"754",0.531916323766756,1,"s8"
"755",1.15558321988781,1,"s8"
"756",-0.619043390307819,1,"s8"
"757",0.200977259286721,1,"s8"
"758",1.05481942667342,1,"s8"
"759",-1.97624285360559,1,"s8"
"760",0.313407736530947,1,"s8"
"761",0.275284703988052,1,"s8"
"762",1.40631667485805,0,"s8"
"763",-2.07010447485467,1,"s8"
"764",0.3728864180378,1,"s8"
"765",0.516552632440038,0,"s8"
"766",1.05525523200049,1,"s8"
"767",1.56809062272138,1,"s8"
"768",0.332929231590976,1,"s8"
"769",1.50611550908585,0,"s8"
"770",0.72485534957471,1,"s8"
"771",0.807886157064912,1,"s8"
"772",-1.98481876463936,1,"s8"
"773",-0.234791516042895,1,"s8"
"774",0.778378302137242,1,"s8"
"775",0.011909701890237,1,"s8"
"776",-1.25701528795152,0,"s8"
"777",1.32578735577648,1,"s8"
"778",-2.96133204052971,1,"s8"
"779",1.03990681359918,1,"s8"
"780",0.26550218534224,0,"s8"
"781",-0.399439634412679,1,"s8"
"782",0.812296997217748,1,"s8"
"783",0.646479792366317,1,"s8"
"784",0.236762404516867,1,"s8"
"785",-1.29474179419418,1,"s8"
"786",0.605306988708695,1,"s8"
"787",1.44007210459494,1,"s8"
"788",-0.337959645095866,1,"s8"
"789",-0.110715129010418,0,"s8"
"790",0.442152324517336,0,"s8"
"791",0.29673611728591,1,"s8"
"792",0.538190138093292,1,"s8"
"793",-0.00155702977183539,1,"s8"
"794",0.44745949379848,1,"s8"
"795",-0.704482012741958,1,"s8"
"796",0.84871027810662,0,"s8"
"797",0.438989836713596,0,"s8"
"798",-0.401110560723313,1,"s8"
"799",1.67048238855412,1,"s8"
"800",-0.284489170576049,1,"s8"
"801",-1.96695906168911,1,"s9"
"802",0.565661881565374,0,"s9"
"803",-1.20083474427445,1,"s9"
"804",-0.478702979564972,1,"s9"
"805",0.838676678885344,1,"s9"
"806",-0.527045838140873,1,"s9"
"807",0.509965160154669,1,"s9"
"808",-0.605650758567161,1,"s9"
"809",1.02229340610203,0,"s9"
"810",0.861514582729459,1,"s9"
"811",-0.201716438241193,1,"s9"
"812",-0.319621264955769,1,"s9"
"813",0.146801962437063,0,"s9"
"814",1.46679745837888,1,"s9"
"815",0.804513013324774,1,"s9"
"816",-2.29436102431282,1,"s9"
"817",-1.07723630538115,1,"s9"
"818",-1.15172509989268,1,"s9"
"819",0.553312528102066,0,"s9"
"820",0.328493867840746,1,"s9"
"821",0.0838283651939511,1,"s9"
"822",-1.46964494677245,1,"s9"
"823",-2.29346981553318,1,"s9"
"824",-0.173105961112841,1,"s9"
"825",-0.608716321792638,1,"s9"
"826",0.884820615179587,0,"s9"
"827",-0.279501177041731,1,"s9"
"828",-0.667211972413186,1,"s9"
"829",0.430572856570133,0,"s9"
"830",-0.339718861072099,1,"s9"
"831",0.267980628457334,1,"s9"
"832",0.940504866067137,1,"s9"
"833",-0.934132624917254,1,"s9"
"834",0.451598871692435,1,"s9"
"835",1.73087305362105,0,"s9"
"836",0.840401519494108,1,"s9"
"837",0.997393530500599,1,"s9"
"838",-0.07308886602549,1,"s9"
"839",0.360104571744426,1,"s9"
"840",0.101257707426795,1,"s9"
"841",-0.369096027923882,1,"s9"
"842",1.31126713124066,0,"s9"
"843",-1.68872193466864,1,"s9"
"844",-0.512946854115501,1,"s9"
"845",1.89653964973204,0,"s9"
"846",-2.65179399219015,1,"s9"
"847",-1.58402112818468,1,"s9"
"848",-0.13927574547082,1,"s9"
"849",1.62743244057288,1,"s9"
"850",1.16853987091125,1,"s9"
"851",-0.286772595866706,1,"s9"
"852",1.29065910566285,1,"s9"
"853",-0.0473595465099285,1,"s9"
"854",-1.32752599773173,1,"s9"
"855",-1.20811973213158,1,"s9"
"856",0.214499721204878,1,"s9"
"857",1.4903775067938,1,"s9"
"858",0.483045547094189,1,"s9"
"859",0.211027991158537,1,"s9"
"860",-0.585393938336987,1,"s9"
"861",-0.370671653769764,1,"s9"
"862",-0.884607597968764,0,"s9"
"863",0.92948371532376,1,"s9"
"864",1.30394437342877,1,"s9"
"865",-1.10599306066989,1,"s9"
"866",-1.84407375459365,1,"s9"
"867",-1.10818682566881,1,"s9"
"868",-1.50737904968246,1,"s9"
"869",-0.024140294846293,1,"s9"
"870",0.559294789916079,1,"s9"
"871",1.38501496532046,1,"s9"
"872",0.64723260734498,1,"s9"
"873",-1.62423652361708,1,"s9"
"874",1.25375769314367,1,"s9"
"875",0.710761894777221,1,"s9"
"876",-1.17807447156944,1,"s9"
"877",0.271508347874253,1,"s9"
"878",0.0501916013805741,1,"s9"
"879",-0.106299621475419,0,"s9"
"880",1.40291928460782,0,"s9"
"881",-0.177047705927063,1,"s9"
"882",0.772702466793571,0,"s9"
"883",0.163343747636514,1,"s9"
"884",0.571415013531128,1,"s9"
"885",0.242798234513004,0,"s9"
"886",-0.154531792397925,1,"s9"
"887",-1.53162558971219,1,"s9"
"888",1.37343642739589,1,"s9"
"889",-2.101313818787,1,"s9"
"890",0.314672063646615,0,"s9"
"891",-0.615715352786662,1,"s9"
"892",-0.121063605978743,1,"s9"
"893",-0.466340243332264,1,"s9"
"894",0.417971807817713,1,"s9"
"895",-1.61921658256503,1,"s9"
"896",0.386719771199596,1,"s9"
"897",0.960810535401985,1,"s9"
"898",-1.12871341316957,1,"s9"
"899",0.503275297504488,1,"s9"
"900",0.638052313139373,1,"s9"
"901",-1.33694220594019,1,"s10"
"902",1.67265975537209,0,"s10"
"903",0.882362699249609,0,"s10"
"904",-0.315057331673898,1,"s10"
"905",-0.420617254556649,1,"s10"
"906",-1.73090456367275,1,"s10"
"907",0.0214520120864105,0,"s10"
"908",-0.356661923944924,1,"s10"
"909",1.43656021073861,0,"s10"
"910",-0.546203900034961,1,"s10"
"911",1.42707096294548,1,"s10"
"912",0.441397872567225,0,"s10"
"913",0.237233151904532,1,"s10"
"914",-0.941429662789052,1,"s10"
"915",0.508659113222938,0,"s10"
"916",0.907492133218513,0,"s10"
"917",-1.06567535638134,1,"s10"
"918",-0.124696830519663,1,"s10"
"919",-0.16171392484023,1,"s10"
"920",-1.30602337792001,1,"s10"
"921",0.267295487804121,1,"s10"
"922",-1.0644867112717,1,"s10"
"923",0.6132333357588,1,"s10"
"924",0.106129531110131,0,"s10"
"925",-0.365235621769056,1,"s10"
"926",-0.690719172704696,1,"s10"
"927",-0.462537197885052,1,"s10"
"928",-0.25217259768367,1,"s10"
"929",0.852615417271575,0,"s10"
"930",0.645824797063674,0,"s10"
"931",-0.489145364977356,1,"s10"
"932",0.557460984943657,0,"s10"
"933",-0.580821112461957,1,"s10"
"934",0.244142045351671,1,"s10"
"935",-0.93828837527006,1,"s10"
"936",-0.373924900571182,1,"s10"
"937",1.64409242347864,0,"s10"
"938",1.5831752037303,0,"s10"
"939",1.11834352008567,0,"s10"
"940",0.292750563439278,1,"s10"
"941",0.71029221390358,0,"s10"
"942",-1.68611210713734,1,"s10"
"943",0.394713530250796,1,"s10"
"944",-0.189303518503854,1,"s10"
"945",0.373112261291066,1,"s10"
"946",0.207174607786516,0,"s10"
"947",0.0982979515474129,1,"s10"
"948",-1.13693109864633,1,"s10"
"949",-0.87648166264724,1,"s10"
"950",0.359393356076963,0,"s10"
"951",-0.588870641991042,1,"s10"
"952",0.281186819854724,1,"s10"
"953",1.03002400107781,0,"s10"
"954",-0.238861798028195,1,"s10"
"955",-0.494673976359357,1,"s10"
"956",-0.973134641334762,1,"s10"
"957",0.318664027165922,1,"s10"
"958",1.73862236903018,0,"s10"
"959",-0.760720872297272,1,"s10"
"960",-1.78526444532379,1,"s10"
"961",0.506308510529073,1,"s10"
"962",2.0529485001207,0,"s10"
"963",-0.33256938523973,1,"s10"
"964",0.120959078711318,1,"s10"
"965",-0.519761395336789,1,"s10"
"966",-0.528826691260157,1,"s10"
"967",-0.925281358445773,1,"s10"
"968",0.791168562227527,0,"s10"
"969",-0.137671905139642,1,"s10"
"970",-0.113286227467938,1,"s10"
"971",-0.00067568645222916,1,"s10"
"972",0.181277171504567,1,"s10"
"973",0.227766093930011,1,"s10"
"974",-1.16114854738751,1,"s10"
"975",0.0178040161411332,1,"s10"
"976",0.957798092654501,0,"s10"
"977",-0.633315260544486,1,"s10"
"978",-1.10437316965702,1,"s10"
"979",-0.880067589873974,1,"s10"
"980",1.50807386061324,0,"s10"
"981",0.998914346283426,0,"s10"
"982",-0.10527046722224,1,"s10"
"983",-1.60584083342857,1,"s10"
"984",-1.04065271775684,1,"s10"
"985",-1.71312640287905,1,"s10"
"986",-0.0489876491414486,1,"s10"
"987",-0.00476380606946223,1,"s10"
"988",-1.22147595322459,1,"s10"
"989",0.223436476352082,1,"s10"
"990",-0.634260584393312,1,"s10"
"991",0.172469459226758,1,"s10"
"992",-0.217580797028737,1,"s10"
"993",-0.31690178918853,1,"s10"
"994",-0.914371468760345,1,"s10"
"995",-1.20432318781773,1,"s10"
"996",1.46118409643517,0,"s10"
"997",0.40574180594227,0,"s10"
"998",0.0674094240609883,0,"s10"
"999",1.15661174012724,0,"s10"
"1000",2.03116181462058,0,"s10"
"1001",1.58870364974714,1,"s11"
"1002",0.787186063900198,0,"s11"
"1003",-0.366564946563194,0,"s11"
"1004",-0.388581795104276,0,"s11"
"1005",-0.282860267426997,0,"s11"
"1006",-0.71387447575976,0,"s11"
"1007",-0.680071566686795,0,"s11"
"1008",-2.10965956824461,0,"s11"
"1009",0.750522946949102,0,"s11"
"1010",1.83649250822646,1,"s11"
"1011",1.14823530275453,1,"s11"
"1012",-0.632521082457479,0,"s11"
"1013",1.17762784403373,1,"s11"
"1014",-1.08163466359366,0,"s11"
"1015",-0.332000680172365,1,"s11"
"1016",-0.781165463309519,0,"s11"
"1017",0.787983516603577,1,"s11"
"1018",1.16130627203548,1,"s11"
"1019",-0.732499638607261,0,"s11"
"1020",1.09478494343013,1,"s11"
"1021",0.682383910027693,0,"s11"
"1022",-0.40146040690726,0,"s11"
"1023",-0.86825206271563,0,"s11"
"1024",-1.34569548600256,0,"s11"
"1025",-0.176825244760736,0,"s11"
"1026",-1.57672022714148,0,"s11"
"1027",1.26853211827513,1,"s11"
"1028",-0.10876341683816,0,"s11"
"1029",-0.983283002159278,0,"s11"
"1030",1.11590591003795,0,"s11"
"1031",-0.4303217040316,0,"s11"
"1032",-0.472431182974384,0,"s11"
"1033",-0.9919938477643,1,"s11"
"1034",0.0559664655495046,0,"s11"
"1035",-2.03842374564723,0,"s11"
"1036",-0.176725664923059,0,"s11"
"1037",-1.68971648435632,0,"s11"
"1038",0.745680608599695,0,"s11"
"1039",0.507259098475246,1,"s11"
"1040",0.188241556228135,0,"s11"
"1041",0.490234693717345,0,"s11"
"1042",-0.758235165782612,0,"s11"
"1043",-1.07964987055235,0,"s11"
"1044",-0.34309583096011,0,"s11"
"1045",0.17196905998603,0,"s11"
"1046",-0.201232054960924,0,"s11"
"1047",0.438357359539869,0,"s11"
"1048",1.14097863681755,1,"s11"
"1049",-0.772220959971631,0,"s11"
"1050",0.195403178962307,0,"s11"
"1051",0.89577320326447,0,"s11"
"1052",-0.196877402876922,0,"s11"
"1053",-0.355267965162451,0,"s11"
"1054",-0.762424371880567,0,"s11"
"1055",-2.54815886744339,0,"s11"
"1056",-0.807462265837385,0,"s11"
"1057",-0.910978456070269,0,"s11"
"1058",0.345860649035504,0,"s11"
"1059",0.991377827693808,1,"s11"
"1060",0.0977444638334248,1,"s11"
"1061",0.898289868288491,0,"s11"
"1062",-0.0736649585331218,0,"s11"
"1063",2.16598579308496,1,"s11"
"1064",-0.983662961761684,0,"s11"
"1065",1.5490945982344,1,"s11"
"1066",-1.00807732262282,0,"s11"
"1067",-0.833612537752474,0,"s11"
"1068",0.176202771228991,0,"s11"
"1069",0.289296766183122,1,"s11"
"1070",0.43771902374706,0,"s11"
"1071",-0.360957587921166,0,"s11"
"1072",0.3140737401482,1,"s11"
"1073",1.00496614011459,1,"s11"
"1074",0.641448520048155,1,"s11"
"1075",-1.59369563949274,0,"s11"
"1076",-1.37652516895643,0,"s11"
"1077",-0.0729385023142666,0,"s11"
"1078",0.373513517435305,0,"s11"
"1079",-2.22509171078981,0,"s11"
"1080",1.10594741012921,1,"s11"
"1081",-0.417253857577393,0,"s11"
"1082",-0.566660282755226,1,"s11"
"1083",-1.70159220825507,0,"s11"
"1084",2.32983430835648,1,"s11"
"1085",-0.765371670940063,0,"s11"
"1086",-0.0111683164150007,0,"s11"
"1087",-0.013825535854127,0,"s11"
"1088",0.0243803623974254,0,"s11"
"1089",1.55186492060173,0,"s11"
"1090",-0.0735909566901513,0,"s11"
"1091",-0.745077803514557,0,"s11"
"1092",0.55345218118449,0,"s11"
"1093",1.21031392482559,1,"s11"
"1094",1.03913371429088,1,"s11"
"1095",-1.32919175710184,0,"s11"
"1096",1.02260677323457,0,"s11"
"1097",0.856887222296839,1,"s11"
"1098",1.24381908389657,1,"s11"
"1099",0.136691775559881,0,"s11"
"1100",-1.11254970819597,1,"s11"
"1101",0.0138275512509828,1,"s12"
"1102",0.557642316181945,1,"s12"
"1103",0.864681211336495,0,"s12"
"1104",-0.104528274286397,1,"s12"
"1105",-0.115537566747643,1,"s12"
"1106",-0.256614921913389,1,"s12"
"1107",-0.192081545997467,1,"s12"
"1108",-0.137537487264404,1,"s12"
"1109",0.0706225095740665,1,"s12"
"1110",-0.27974984962558,1,"s12"
"1111",0.270880809872072,1,"s12"
"1112",-0.742231535850775,1,"s12"
"1113",-0.77831876657849,1,"s12"
"1114",0.468583140737716,1,"s12"
"1115",-0.835124545694561,1,"s12"
"1116",-0.138414357193393,1,"s12"
"1117",1.02457202708618,1,"s12"
"1118",0.687328243824983,1,"s12"
"1119",0.0226587978183058,1,"s12"
"1120",1.11295462285083,0,"s12"
"1121",-0.551313631745708,1,"s12"
"1122",-2.67369964518607,1,"s12"
"1123",0.796197811489535,0,"s12"
"1124",0.4507074044077,1,"s12"
"1125",0.831843101544401,0,"s12"
"1126",-0.0712679774071864,0,"s12"
"1127",0.936759864937482,1,"s12"
"1128",0.197726668876298,1,"s12"
"1129",0.032614274758818,1,"s12"
"1130",0.0673484123127479,1,"s12"
"1131",2.04655339317915,1,"s12"
"1132",0.563930150891986,1,"s12"
"1133",0.196058049396573,0,"s12"
"1134",-1.02686294173467,1,"s12"
"1135",1.5977916311559,0,"s12"
"1136",-0.222853039802088,1,"s12"
"1137",-1.42802912129699,1,"s12"
"1138",0.47375101612139,1,"s12"
"1139",1.55749602029501,1,"s12"
"1140",-0.192270445166107,1,"s12"
"1141",1.48624137452794,1,"s12"
"1142",0.802324676568102,1,"s12"
"1143",-0.010190034986923,1,"s12"
"1144",-1.49191853757586,1,"s12"
"1145",-0.745360123227174,1,"s12"
"1146",0.897578756809126,1,"s12"
"1147",1.25036599568399,0,"s12"
"1148",1.52661214531074,1,"s12"
"1149",0.605494249187514,1,"s12"
"1150",0.377198317636933,1,"s12"
"1151",-0.736574326330951,1,"s12"
"1152",-0.170683833551009,1,"s12"
"1153",-0.0509558896139154,1,"s12"
"1154",0.0308701323586804,1,"s12"
"1155",-0.944209503476559,1,"s12"
"1156",0.6997360273918,0,"s12"
"1157",0.22032263176261,1,"s12"
"1158",-0.595830274643534,0,"s12"
"1159",2.46799234795844,1,"s12"
"1160",0.281254594073555,1,"s12"
"1161",2.19478974589381,0,"s12"
"1162",-0.661668754774914,1,"s12"
"1163",-0.593663634739239,1,"s12"
"1164",-0.52181175757975,1,"s12"
"1165",1.71709936337607,0,"s12"
"1166",0.80182917798828,1,"s12"
"1167",-0.0652984544729717,1,"s12"
"1168",-0.367987961116079,1,"s12"
"1169",0.717586324684411,1,"s12"
"1170",-1.50441658387398,1,"s12"
"1171",2.17845371295468,0,"s12"
"1172",-0.61856971600353,1,"s12"
"1173",0.109688239742159,1,"s12"
"1174",0.257731141451038,1,"s12"
"1175",0.804148207245821,0,"s12"
"1176",-1.05737413654479,1,"s12"
"1177",1.50242919294306,1,"s12"
"1178",-0.268154857181367,1,"s12"
"1179",-1.14070751739979,1,"s12"
"1180",-0.445980208836832,1,"s12"
"1181",-0.167373153998119,1,"s12"
"1182",0.628843598333411,1,"s12"
"1183",-2.6431024543383,1,"s12"
"1184",-0.916382123675679,1,"s12"
"1185",0.799547555990618,1,"s12"
"1186",-0.197046105841037,1,"s12"
"1187",-0.716022194168822,1,"s12"
"1188",0.837905733551133,0,"s12"
"1189",-0.729362570568588,1,"s12"
"1190",-0.123888746755018,1,"s12"
"1191",0.833907917166025,1,"s12"
"1192",-0.59143043859123,1,"s12"
"1193",0.294532069692142,1,"s12"
"1194",-1.047164642549,1,"s12"
"1195",0.78097671852348,0,"s12"
"1196",1.29535779285838,1,"s12"
"1197",0.478766457748963,1,"s12"
"1198",-2.0116330815642,1,"s12"
"1199",-1.11410170897295,1,"s12"
"1200",0.848678857807048,1,"s12"
"1201",1.93603000564532,1,"s13"
"1202",-0.134638888578982,1,"s13"
"1203",-0.488894098702697,1,"s13"
"1204",0.309049223438065,1,"s13"
"1205",0.609227069468228,0,"s13"
"1206",-1.00057549682339,1,"s13"
"1207",1.2240283313622,1,"s13"
"1208",0.306116633497869,1,"s13"
"1209",1.25482891995908,0,"s13"
"1210",-0.556847854422358,1,"s13"
"1211",-0.782010693778928,1,"s13"
"1212",-2.26893595468305,0,"s13"
"1213",-1.38897063556707,1,"s13"
"1214",0.214181665259271,1,"s13"
"1215",1.45051498048918,1,"s13"
"1216",-1.20674986688825,1,"s13"
"1217",0.0244936675802803,0,"s13"
"1218",-0.113948723811705,1,"s13"
"1219",0.147656668829344,1,"s13"
"1220",-0.036607508320545,1,"s13"
"1221",-0.234055508687271,1,"s13"
"1222",0.533570544114283,1,"s13"
"1223",-0.425915799102128,1,"s13"
"1224",0.818765665054684,1,"s13"
"1225",0.732714397762223,0,"s13"
"1226",1.32583201904841,1,"s13"
"1227",0.940526284089491,0,"s13"
"1228",0.870600378050513,1,"s13"
"1229",-2.09193229551066,1,"s13"
"1230",-0.926398064685309,1,"s13"
"1231",-1.2893664312764,1,"s13"
"1232",1.04425937990941,1,"s13"
"1233",0.161756087204699,1,"s13"
"1234",1.52314034099323,1,"s13"
"1235",0.813347367660864,1,"s13"
"1236",-0.866450243481306,1,"s13"
"1237",0.206325185048982,1,"s13"
"1238",0.79317556920605,1,"s13"
"1239",-0.412951833307681,1,"s13"
"1240",-1.58600682027254,1,"s13"
"1241",0.397575363822994,1,"s13"
"1242",0.304089578655409,1,"s13"
"1243",-0.0294831572827283,1,"s13"
"1244",-0.822972502737003,0,"s13"
"1245",-0.0534625936444784,0,"s13"
"1246",0.166782800871799,0,"s13"
"1247",1.50710742778599,1,"s13"
"1248",-2.97749902492433,1,"s13"
"1249",-1.65725892949989,0,"s13"
"1250",-0.11394993744291,1,"s13"
"1251",0.0702369602155468,1,"s13"
"1252",-0.468635423733833,1,"s13"
"1253",-1.67876836044342,1,"s13"
"1254",0.0124924434515511,1,"s13"
"1255",-0.047396474869273,1,"s13"
"1256",-0.714111037984172,1,"s13"
"1257",0.13605546802216,1,"s13"
"1258",-1.25156577168236,1,"s13"
"1259",-0.863145262329095,1,"s13"
"1260",2.32624054600844e-05,1,"s13"
"1261",1.35458626676705,1,"s13"
"1262",-0.434828313369176,1,"s13"
"1263",-0.333844195954862,1,"s13"
"1264",-0.0864153429110411,1,"s13"
"1265",0.691779904243485,1,"s13"
"1266",0.443953491063911,0,"s13"
"1267",-0.318759345437862,1,"s13"
"1268",1.3755775554555,0,"s13"
"1269",-0.080639025793593,1,"s13"
"1270",-1.16737070354322,1,"s13"
"1271",1.19116636147725,0,"s13"
"1272",0.632679906404559,1,"s13"
"1273",0.968106482044847,1,"s13"
"1274",1.15541787075703,1,"s13"
"1275",0.505047260076568,1,"s13"
"1276",0.174822347003504,0,"s13"
"1277",0.808855009309899,1,"s13"
"1278",-0.0657367888834907,1,"s13"
"1279",-0.470666345664339,1,"s13"
"1280",0.277558612282729,1,"s13"
"1281",-0.582685729846712,1,"s13"
"1282",-0.320337333626996,1,"s13"
"1283",0.0985964016648741,1,"s13"
"1284",0.385555919753436,1,"s13"
"1285",0.0709617219886868,1,"s13"
"1286",0.605924262621787,1,"s13"
"1287",0.403898630434537,1,"s13"
"1288",-1.13402961758174,1,"s13"
"1289",0.20834937309349,1,"s13"
"1290",0.909435230042282,1,"s13"
"1291",0.216212177959913,1,"s13"
"1292",-0.4970028023136,1,"s13"
"1293",0.254391260627563,1,"s13"
"1294",0.748697314277788,1,"s13"
"1295",-0.0582441600675332,1,"s13"
"1296",0.620121535292006,1,"s13"
"1297",0.414394092948961,1,"s13"
"1298",-0.200092766961429,1,"s13"
"1299",0.642489515651096,1,"s13"
"1300",0.736487916930442,1,"s13"
"1301",-1.29185451396731,1,"s14"
"1302",-0.088499271079155,0,"s14"
"1303",-1.26953617011512,1,"s14"
"1304",-2.71780012081916,1,"s14"
"1305",-1.78858013920772,1,"s14"
"1306",0.363883446941586,1,"s14"
"1307",-0.25250516341175,1,"s14"
"1308",-0.257840089934302,1,"s14"
"1309",-1.45748815907802,1,"s14"
"1310",0.454519692740955,1,"s14"
"1311",-1.2041494865968,1,"s14"
"1312",0.0905999500900903,1,"s14"
"1313",1.20200121025448,1,"s14"
"1314",-0.772529173373668,1,"s14"
"1315",2.00564487176354,0,"s14"
"1316",-0.876388498934096,1,"s14"
"1317",-0.227931158095433,1,"s14"
"1318",1.52821503319294,1,"s14"
"1319",-0.683029535602598,1,"s14"
"1320",-1.89635206602915,1,"s14"
"1321",1.64356773062512,1,"s14"
"1322",0.0423113716568381,1,"s14"
"1323",-0.288385207908523,1,"s14"
"1324",0.588863136835215,1,"s14"
"1325",1.16903922282218,0,"s14"
"1326",-0.237045214401457,1,"s14"
"1327",0.0217845515724041,0,"s14"
"1328",-0.43662329656303,1,"s14"
"1329",-2.48990464055062,1,"s14"
"1330",-0.0886237019256909,1,"s14"
"1331",-0.601445418119238,1,"s14"
"1332",-0.659289206180232,1,"s14"
"1333",-0.957798467346492,1,"s14"
"1334",0.50582153255969,1,"s14"
"1335",-0.186074790670743,1,"s14"
"1336",-1.35242663596065,0,"s14"
"1337",0.970053199244236,0,"s14"
"1338",-2.04713598237056,1,"s14"
"1339",0.836904242806933,1,"s14"
"1340",-0.472714565445512,1,"s14"
"1341",1.38993132193566,0,"s14"
"1342",0.167915177481079,1,"s14"
"1343",-2.01846578202513,1,"s14"
"1344",-0.425709422088006,1,"s14"
"1345",0.179643578829039,1,"s14"
"1346",-0.0855727493124337,0,"s14"
"1347",-1.32920718413791,0,"s14"
"1348",-0.908483857912836,1,"s14"
"1349",0.869705750767292,1,"s14"
"1350",0.221785636376134,0,"s14"
"1351",-0.339601994537582,1,"s14"
"1352",-0.235256135560132,1,"s14"
"1353",-0.0393912335799097,1,"s14"
"1354",-0.223447821421401,1,"s14"
"1355",-1.25439122501296,1,"s14"
"1356",0.0207662633543094,1,"s14"
"1357",0.725630239272526,1,"s14"
"1358",2.54130571271273,0,"s14"
"1359",-0.399293352395455,1,"s14"
"1360",-0.241904794444828,1,"s14"
"1361",-0.00166641935357116,1,"s14"
"1362",-0.278420044980354,0,"s14"
"1363",-0.763006806096775,1,"s14"
"1364",0.150755489282122,1,"s14"
"1365",0.506822894283847,1,"s14"
"1366",0.340326082189402,1,"s14"
"1367",0.125295139969433,1,"s14"
"1368",0.374324487642339,1,"s14"
"1369",-0.479059634854779,1,"s14"
"1370",0.46519415419341,1,"s14"
"1371",0.281872622579322,1,"s14"
"1372",-0.309377543155035,1,"s14"
"1373",0.448342725139468,1,"s14"
"1374",0.83743778982223,0,"s14"
"1375",-0.0344811557497336,1,"s14"
"1376",-2.23577574202057,1,"s14"
"1377",-0.580806504142282,1,"s14"
"1378",-0.184637546424635,1,"s14"
"1379",-0.573620687902415,1,"s14"
"1380",-0.676402503851258,1,"s14"
"1381",-0.695076767797427,1,"s14"
"1382",-0.691562747080691,1,"s14"
"1383",-1.17144114794391,1,"s14"
"1384",-0.390143970979381,1,"s14"
"1385",0.947064966797836,0,"s14"
"1386",-0.205209856596486,1,"s14"
"1387",0.247506850361267,1,"s14"
"1388",0.319454806082005,1,"s14"
"1389",0.882486146213806,1,"s14"
"1390",0.92639440579779,0,"s14"
"1391",1.7792772131363,1,"s14"
"1392",0.347600790769196,1,"s14"
"1393",-0.185438216106753,1,"s14"
"1394",0.0294660619755876,1,"s14"
"1395",-0.368000917343739,1,"s14"
"1396",-1.08313410138746,1,"s14"
"1397",-0.806865638222173,1,"s14"
"1398",-1.58521007992431,1,"s14"
"1399",0.641006495211364,1,"s14"
"1400",2.29644073160067,0,"s14"
"1401",1.16246718169837,1,"s15"
"1402",0.374346965387579,0,"s15"
"1403",-0.466761063505072,1,"s15"
"1404",-0.315713046680868,1,"s15"
"1405",-0.125157077602757,1,"s15"
"1406",0.755047748154233,1,"s15"
"1407",0.0841958894435446,1,"s15"
"1408",0.725013433441171,1,"s15"
"1409",1.00255538792794,0,"s15"
"1410",-2.3428575362395,0,"s15"
"1411",2.64450493316059,0,"s15"
"1412",0.303246537998311,1,"s15"
"1413",-0.0929054693779753,1,"s15"
"1414",-1.02129412518586,0,"s15"
"1415",-1.79039603944961,1,"s15"
"1416",-1.1048058551254,1,"s15"
"1417",0.615282701903042,1,"s15"
"1418",-0.202006664942744,1,"s15"
"1419",-1.2896990286199,1,"s15"
"1420",-0.801221008562918,1,"s15"
"1421",-1.30312551392583,1,"s15"
"1422",-2.09923609055452,1,"s15"
"1423",0.541994019995044,1,"s15"
"1424",-0.572970903228944,1,"s15"
"1425",1.33856228844521,1,"s15"
"1426",-0.979929356348097,1,"s15"
"1427",-1.63141814609576,0,"s15"
"1428",-0.0853064601797552,1,"s15"
"1429",0.0661456478387769,0,"s15"
"1430",-1.01848332063273,1,"s15"
"1431",1.80242188510192,1,"s15"
"1432",-1.95907587952868,1,"s15"
"1433",0.670581673834095,1,"s15"
"1434",1.79490464726877,1,"s15"
"1435",1.46665126715584,1,"s15"
"1436",1.03421240735618,1,"s15"
"1437",0.672885043108024,1,"s15"
"1438",-0.451387128064032,1,"s15"
"1439",0.19312330825748,1,"s15"
"1440",-0.275295624394196,0,"s15"
"1441",0.711811742456745,1,"s15"
"1442",0.0691804546528568,1,"s15"
"1443",-0.416030666789565,1,"s15"
"1444",-1.26590422347963,1,"s15"
"1445",-0.435471226129479,1,"s15"
"1446",2.21818863463058,0,"s15"
"1447",0.557830330781803,1,"s15"
"1448",0.337334456700418,1,"s15"
"1449",0.409152883502331,1,"s15"
"1450",-0.173417323963024,1,"s15"
"1451",1.23977652147484,1,"s15"
"1452",-1.18216051606069,1,"s15"
"1453",-0.635202661260792,1,"s15"
"1454",-0.183097871038304,1,"s15"
"1455",1.01754157317746,0,"s15"
"1456",1.86667638283821,0,"s15"
"1457",0.764972257256989,0,"s15"
"1458",-0.338101080289999,0,"s15"
"1459",-0.999536463734296,1,"s15"
"1460",-0.504921455872974,1,"s15"
"1461",1.95622654194651,0,"s15"
"1462",1.57006850933735,0,"s15"
"1463",0.702821804529807,0,"s15"
"1464",-0.0347761663522033,0,"s15"
"1465",1.19106547627927,1,"s15"
"1466",1.8581961791152,1,"s15"
"1467",-1.16006450563384,1,"s15"
"1468",2.73527782091818,0,"s15"
"1469",0.357348715387277,1,"s15"
"1470",-0.623264405459104,1,"s15"
"1471",-1.68919772258636,1,"s15"
"1472",-1.71228158333929,1,"s15"
"1473",-0.231803118082972,1,"s15"
"1474",-0.549010743279797,1,"s15"
"1475",0.960434689260008,1,"s15"
"1476",-0.878646590877208,1,"s15"
"1477",0.0989036812412596,1,"s15"
"1478",1.31222243875712,0,"s15"
"1479",0.648215623205918,0,"s15"
"1480",-0.105314036588749,0,"s15"
"1481",0.077317729015889,1,"s15"
"1482",0.641843429269402,1,"s15"
"1483",0.738701213509814,0,"s15"
"1484",-0.223580942768811,1,"s15"
"1485",1.40208888301713,0,"s15"
"1486",-0.355941844004626,1,"s15"
"1487",0.40883345140708,0,"s15"
"1488",0.742888008136708,1,"s15"
"1489",-0.589231377976942,1,"s15"
"1490",0.803198919931503,1,"s15"
"1491",-0.0908492197386619,1,"s15"
"1492",0.379096724708028,0,"s15"
"1493",-0.478282634894581,0,"s15"
"1494",0.691360408318624,1,"s15"
"1495",-0.000190833878725973,1,"s15"
"1496",-0.836707863305226,1,"s15"
"1497",-1.10216351631782,1,"s15"
"1498",0.293217790286474,1,"s15"
"1499",0.568452767254091,1,"s15"
"1500",0.400078086767568,0,"s15"
"1501",-0.330380822259217,0,"s16"
"1502",-0.302956041909338,0,"s16"
"1503",0.176777637529074,0,"s16"
"1504",-0.232165697445088,0,"s16"
"1505",-0.0653886087470738,0,"s16"
"1506",0.147500356831859,0,"s16"
"1507",-0.726096140787164,0,"s16"
"1508",0.510406467717916,0,"s16"
"1509",-1.15369899652196,0,"s16"
"1510",-0.00585117427892092,0,"s16"
"1511",0.323922866173362,1,"s16"
"1512",-2.14202040736979,0,"s16"
"1513",-0.235613779923461,0,"s16"
"1514",0.677444740981402,1,"s16"
"1515",0.614378025307942,0,"s16"
"1516",-1.09991839584126,0,"s16"
"1517",0.218141795520231,1,"s16"
"1518",-1.19285480554864,0,"s16"
"1519",-0.551275733406649,0,"s16"
"1520",0.08171884283571,1,"s16"
"1521",0.774137759288091,0,"s16"
"1522",1.20886580370555,0,"s16"
"1523",-0.692693730866689,0,"s16"
"1524",1.18133241782778,1,"s16"
"1525",1.66885094753658,0,"s16"
"1526",-0.290327265764824,0,"s16"
"1527",0.0165330629194365,0,"s16"
"1528",0.361410437892725,0,"s16"
"1529",-1.12593466371231,0,"s16"
"1530",1.04938199706646,0,"s16"
"1531",0.676012584801989,0,"s16"
"1532",-0.157619408010685,0,"s16"
"1533",-0.0175328910513077,1,"s16"
"1534",1.5640049119459,1,"s16"
"1535",-3.42557929655873,0,"s16"
"1536",-1.02057902698676,0,"s16"
"1537",-0.678122272711283,1,"s16"
"1538",0.533918532593014,1,"s16"
"1539",-1.5801820160097,0,"s16"
"1540",-1.22230216083118,0,"s16"
"1541",-1.00986920240182,0,"s16"
"1542",-2.58213912719225,0,"s16"
"1543",-1.32935638620622,0,"s16"
"1544",1.49811291553403,1,"s16"
"1545",1.61391339825553,1,"s16"
"1546",0.532849718589798,0,"s16"
"1547",-0.57971742606222,0,"s16"
"1548",-1.60617909652694,0,"s16"
"1549",-1.29589089267564,0,"s16"
"1550",-0.606024503165702,0,"s16"
"1551",-0.224287298235718,0,"s16"
"1552",0.642434264866519,0,"s16"
"1553",0.000975370721027094,1,"s16"
"1554",0.373830189445084,1,"s16"
"1555",-0.429662819435444,0,"s16"
"1556",-0.36403211816677,0,"s16"
"1557",-1.10643783059106,0,"s16"
"1558",0.681043883770343,0,"s16"
"1559",0.60240767026965,1,"s16"
"1560",0.30814421571458,0,"s16"
"1561",-0.0572427245217153,0,"s16"
"1562",0.418377120283908,0,"s16"
"1563",-0.265124261534366,0,"s16"
"1564",0.314266042500381,0,"s16"
"1565",-0.775935868165259,0,"s16"
"1566",-0.236998174842246,0,"s16"
"1567",-0.353966989006673,0,"s16"
"1568",-0.0961078132844279,0,"s16"
"1569",-1.03808651598958,0,"s16"
"1570",0.935322986106927,0,"s16"
"1571",-1.12480450858135,0,"s16"
"1572",0.198768596990202,1,"s16"
"1573",-1.29760274112333,0,"s16"
"1574",-1.21893645559059,0,"s16"
"1575",-0.782884558632105,0,"s16"
"1576",-1.34522558118211,0,"s16"
"1577",0.89235428319227,1,"s16"
"1578",-0.828550267013473,1,"s16"
"1579",1.00619859730046,0,"s16"
"1580",-1.42171992750733,1,"s16"
"1581",0.309873162818524,1,"s16"
"1582",-1.24462653224751,0,"s16"
"1583",-0.704733655656834,0,"s16"
"1584",1.06875724008572,1,"s16"
"1585",1.52728437219227,1,"s16"
"1586",-1.07596954409311,0,"s16"
"1587",-0.816931975757915,0,"s16"
"1588",0.403571438729127,0,"s16"
"1589",0.00141719635850979,1,"s16"
"1590",0.993201870528661,0,"s16"
"1591",1.82492250611569,0,"s16"
"1592",0.066017902292474,0,"s16"
"1593",-0.00283496515077611,0,"s16"
"1594",1.41188902956281,1,"s16"
"1595",-0.529470322806989,1,"s16"
"1596",-0.664905189760655,0,"s16"
"1597",-0.629055863485206,1,"s16"
"1598",-0.251010113944954,1,"s16"
"1599",-1.44135791022804,0,"s16"
"1600",0.654611019573107,0,"s16"
